<?xml version="1.0" encoding="UTF-8" standalone="no"?>
<Context docBase="/Users/nouhailanigrou/Desktop/ID/ID2/S4/Applications Web avancées avec Java et Spring/solution_tp/ex2/solution_simple/TP1_ex2_2023/solution_intellij/JEE-DL1/src/main/webapp">
  <Resources cacheMaxSize="10240">
    <PreResources base="/Users/nouhailanigrou/Desktop/ID/ID2/S4/Applications Web avancées avec Java et Spring/solution_tp/ex2/solution_simple/TP1_ex2_2023/solution_intellij/JEE-DL1/target/classes" className="org.apache.catalina.webresources.DirResourceSet" webAppMount="/WEB-INF/classes"/>
    <PostResources base="/Users/nouhailanigrou/.m2/repository/org/glassfish/web/jakarta.servlet.jsp.jstl/2.0.0/jakarta.servlet.jsp.jstl-2.0.0.jar" className="org.apache.catalina.webresources.FileResourceSet" webAppMount="/WEB-INF/lib/jakarta.servlet.jsp.jstl-2.0.0.jar"/>
    <PostResources base="/Users/nouhailanigrou/.m2/repository/jakarta/servlet/jsp/jstl/jakarta.servlet.jsp.jstl-api/2.0.0/jakarta.servlet.jsp.jstl-api-2.0.0.jar" className="org.apache.catalina.webresources.FileResourceSet" webAppMount="/WEB-INF/lib/jakarta.servlet.jsp.jstl-api-2.0.0.jar"/>
    <PostResources base="/Users/nouhailanigrou/.m2/repository/jakarta/el/jakarta.el-api/4.0.0/jakarta.el-api-4.0.0.jar" className="org.apache.catalina.webresources.FileResourceSet" webAppMount="/WEB-INF/lib/jakarta.el-api-4.0.0.jar"/>
    <PostResources base="/Users/nouhailanigrou/.m2/repository/jakarta/xml/bind/jakarta.xml.bind-api/3.0.0/jakarta.xml.bind-api-3.0.0.jar" className="org.apache.catalina.webresources.FileResourceSet" webAppMount="/WEB-INF/lib/jakarta.xml.bind-api-3.0.0.jar"/>
    <PostResources base="/Users/nouhailanigrou/.m2/repository/com/sun/activation/jakarta.activation/2.0.0/jakarta.activation-2.0.0.jar" className="org.apache.catalina.webresources.FileResourceSet" webAppMount="/WEB-INF/lib/jakarta.activation-2.0.0.jar"/>
    <PostResources base="/Users/nouhailanigrou/.m2/repository/log4j/log4j/1.2.17/log4j-1.2.17.jar" className="org.apache.catalina.webresources.FileResourceSet" webAppMount="/WEB-INF/lib/log4j-1.2.17.jar"/>
  </Resources>
</Context>
